<?xml version="1.0" encoding="UTF-8"?>
<metadata modelVersion="1.1.0">
  <groupId>org.openntf.xworlds.webapp</groupId>
  <artifactId>j2eeenabler</artifactId>
  <version>0.0.1-SNAPSHOT</version>
  <versioning>
    <snapshot>
      <timestamp>20160202.132458</timestamp>
      <buildNumber>1</buildNumber>
    </snapshot>
    <lastUpdated>20160202132458</lastUpdated>
    <snapshotVersions>
      <snapshotVersion>
        <extension>jar</extension>
        <value>0.0.1-20160202.132458-1</value>
        <updated>20160202132458</updated>
      </snapshotVersion>
      <snapshotVersion>
        <extension>pom</extension>
        <value>0.0.1-20160202.132458-1</value>
        <updated>20160202132458</updated>
      </snapshotVersion>
    </snapshotVersions>
  </versioning>
</metadata>
